Country,CountryCode,Year,GDP,CPI,Import,Export
Albania,ALB,2005,8052.079314,,1043.3,1006.83
Albania,ALB,2006,8896.076004,,1180.95,1242.95
Albania,ALB,2007,10677.32222,,1424.12,1529.9
Albania,ALB,2008,12881.35206,3.32,1891.53,2264.49
Albania,ALB,2009,12044.21039,2.27,1706.99,2015.41
Albania,ALB,2010,11926.94828,3.63,1383.48,1826.83
Albania,ALB,2011,12890.87332,3.43,1604.19,2034.56
Albania,ALB,2012,12319.7796,2.03,1524.58,1708.83
Albania,ALB,2013,12776.28074,1.94,1537.18,1784.8
Albania,ALB,2014,13228.24008,1.63,1695.98,1927.69
Albania,ALB,2015,11386.92485,1.9,1429.79,1653.6
Albania,ALB,2016,11861.35645,1.28,1461.61,1890.56
Albania,ALB,2017,13019.72986,1.99,1832.17,2430.16
Albania,ALB,2018,15156.43997,2.03,1977.71,2543.93
Albania,ALB,2019,15401.82608,1.41,1939.91,2862.98
Albania,ALB,2020,15162.73447,1.62,1209.39,2040.34
Albania,ALB,2021,17930.56704,2.04,1868.65,3148.98
Austria,AUT,2005,315966.5597,2.3,24430.08,33956.49
Austria,AUT,2006,335981.3458,1.44,27593.36,37061.06
Austria,AUT,2007,388671.4958,2.17,32084,43925.98
Austria,AUT,2008,430310.2271,3.22,35357.14,50236.43
Austria,AUT,2009,400148.1935,0.51,30577.09,43341.16
Austria,AUT,2010,391892.7465,1.81,31186.29,42841.23
Austria,AUT,2011,431120.3101,3.29,36078.22,47683.52
Austria,AUT,2012,409425.2342,2.49,35831.2,46644.49
Austria,AUT,2013,430068.713,2,39952.23,52230.25
Austria,AUT,2014,441996.1317,1.61,43605.6,55082.09
Austria,AUT,2015,381817.5659,0.9,37861.39,47046.8
Austria,AUT,2016,395568.6443,0.89,39654.21,49014.5
Austria,AUT,2017,417261.1518,2.08,43995.57,53522.89
Austria,AUT,2018,454991.1741,2,49724.97,58479.26
Austria,AUT,2019,444596.1558,1.53,51270.43,58975.14
Austria,AUT,2020,435049.317,1.38,42768.67,49352.12
Austria,AUT,2021,479295.3627,2.77,51010.7,52445.8
Belarus,BLR,2005,31231.98363,,1536.24,1783.15
Belarus,BLR,2006,38212.09224,7,1890.14,2054.79
Belarus,BLR,2007,46807.24374,8.43,2393.8,2598.58
Belarus,BLR,2008,62807.17804,14.84,3058.8,3405.37
Belarus,BLR,2009,50873.18157,12.95,2521.78,2714.71
Belarus,BLR,2010,57231.90454,7.74,2799.4,3142.7
Belarus,BLR,2011,61762.34094,53.23,3217.56,3795.86
Belarus,BLR,2012,65685.90357,59.22,3644.31,4275.9
Belarus,BLR,2013,75527.5377,18.31,4786.27,5011.2
Belarus,BLR,2014,78813.04985,18.12,4954.3,5333.36
Belarus,BLR,2015,56454.77575,13.53,3821.59,4247.74
Belarus,BLR,2016,47723.54932,11.84,3611.18,4153.51
Belarus,BLR,2017,54725.41519,6.03,4108.3,4922.75
Belarus,BLR,2018,60031.01676,4.87,4919.69,5562.1
Belarus,BLR,2019,64410.16039,5.6,4639.61,5456.07
Belarus,BLR,2020,61371.67334,5.55,3638.03,4621.61
Belarus,BLR,2021,69673.76565,9.46,4177.71,5563.24
Belgium,BEL,2005,385561.359,2.78,45210.47,39437.02
Belgium,BEL,2006,407897.1825,1.79,48801.91,42820.52
Belgium,BEL,2007,470300.1146,1.82,60642.31,52601.07
Belgium,BEL,2008,515242.61,4.49,68932.82,63059.17
Belgium,BEL,2009,481316.9355,-0.05,63291.21,56978.17
Belgium,BEL,2010,480951.6295,2.19,66938.71,60090.72
Belgium,BEL,2011,522645.5192,3.53,73705.75,64898.7
Belgium,BEL,2012,496181.2603,2.84,72562.51,64342.13
Belgium,BEL,2013,521642.7144,1.11,76390.85,69985.62
Belgium,BEL,2014,534678.0758,0.34,85697.16,76325.39
Belgium,BEL,2015,462149.6793,0.56,76885.65,68788.32
Belgium,BEL,2016,475739.5888,1.97,79306.1,68523.79
Belgium,BEL,2017,502764.7206,2.13,88960.62,76109.86
Belgium,BEL,2018,543299.067,2.05,93822.92,80411.51
Belgium,BEL,2019,535865.8043,1.44,94450.54,82626.2
Belgium,BEL,2020,526264.2301,0.74,86309.67,76687.61
Belgium,BEL,2021,600748.8126,2.44,98636.91,87260.91
Bosnia,BIH,2005,11222.7962,,1001.12,926.2
Bosnia,BIH,2006,12864.84227,6.13,1233.44,1099.43
Bosnia,BIH,2007,15778.73714,1.5,1538.36,1522.66
Bosnia,BIH,2008,19112.80123,7.43,1922.66,1829.91
Bosnia,BIH,2009,17613.94614,-0.38,1677.6,1545.78
Bosnia,BIH,2010,17176.3208,2,1735.87,1520.48
Bosnia,BIH,2011,18644.23902,3.67,1772.51,1550.84
Bosnia,BIH,2012,17226.73626,2.05,1804.91,1505.65
Bosnia,BIH,2013,18179.10467,,2123.48,1597.39
Bosnia,BIH,2014,18558.7312,1.18,2062.1,1636.08
Bosnia,BIH,2015,16404.35216,1.88,1875.79,1544.9
Bosnia,BIH,2016,17116.92609,-0.33,1780.14,1583.13
Bosnia,BIH,2017,18326.37639,1.5,1912.97,1780.28
Bosnia,BIH,2018,20484.05264,2.27,2001.48,1992.08
Bosnia,BIH,2019,20482.60335,2.49,2230.28,2113.67
Bosnia,BIH,2020,20226.03248,0.04,1647.45,1536.3
Bosnia,BIH,2021,23672.71003,2.9,2368.27,2211.32
Bulgaria,BGR,2005,29868.62612,5.04,2857.96,4131.17
Bulgaria,BGR,2006,34380.52076,7.26,3418.84,4698.7
Bulgaria,BGR,2007,44431.26553,8.4,4459.65,6676.6
Bulgaria,BGR,2008,54480.66112,12.35,5158.08,7744.93
Bulgaria,BGR,2009,52023.83844,2.75,4448.41,6563.1
Bulgaria,BGR,2010,50689.0635,2.44,3601.2,6037.31
Bulgaria,BGR,2011,57681.26796,4.22,3866.07,6839.54
Bulgaria,BGR,2012,54297.03361,2.95,4184.76,7195.54
Bulgaria,BGR,2013,55819.25939,0.89,4347.35,7595.81
Bulgaria,BGR,2014,57080.89225,-1.42,5259.92,8491.64
Bulgaria,BGR,2015,50765.92609,-0.1,4611.87,7331.87
Bulgaria,BGR,2016,53929.38515,-0.8,4965.26,8093.85
Bulgaria,BGR,2017,59167.65504,2.06,5449.11,8860.83
Bulgaria,BGR,2018,66332.42978,2.81,5915.31,10151.32
Bulgaria,BGR,2019,68883.30273,3.1,6140.28,10734.07
Bulgaria,BGR,2020,70203.3793,1.67,4916.24,8050.55
Bulgaria,BGR,2021,84037.67139,3.3,6181.64,10065.58
Croatia,HRV,2005,45835.13938,,2770.63,7362.47
Croatia,HRV,2006,50985.90094,3.19,3198.44,8534.3
Croatia,HRV,2007,60791.89411,2.9,3691.61,10140.49
Croatia,HRV,2008,71127.09186,6.08,4272.67,11367.34
Croatia,HRV,2009,63471.96179,2.38,3802.32,9600.1
Croatia,HRV,2010,60802.11941,1.03,3385.76,9880.66
Croatia,HRV,2011,63546.54054,2.27,3576.64,10599.91
Croatia,HRV,2012,57492.70822,3.41,3375.4,10332.82
Croatia,HRV,2013,59159.28396,2.22,3721.16,10057.03
Croatia,HRV,2014,58550.21485,-0.22,3785.4,11024.98
Croatia,HRV,2015,50356.97015,-0.46,3415.08,9717.63
Croatia,HRV,2016,52519.50408,-1.13,3578.85,10745.34
Croatia,HRV,2017,56448.88139,1.13,4157.26,11809.36
Croatia,HRV,2018,62470.10141,1.5,4736.53,13782.42
Croatia,HRV,2019,62471.35876,0.77,5013.39,13650.61
Croatia,HRV,2020,57606.77255,0.15,3972.27,8543.4
Croatia,HRV,2021,69193.0526,2.55,4998.14,13376.62
Czech,CZE,2005,137143.3759,1.86,9470.75,12802.14
Czech,CZE,2006,156264.2109,2.53,10865.51,14719.86
Czech,CZE,2007,190184.1133,2.85,13219.17,17585.77
Czech,CZE,2008,236816.9482,6.36,15057.16,20754.34
Czech,CZE,2009,207434.2968,1.02,13095.25,17704.32
Czech,CZE,2010,209069.941,1.47,14312.14,18885.24
Czech,CZE,2011,229562.7334,1.92,16758.4,21559.24
Czech,CZE,2012,208857.7193,3.29,16797.47,20767.77
Czech,CZE,2013,211685.6166,1.44,17717.46,21766.54
Czech,CZE,2014,209358.8342,0.34,19156.54,22425.21
Czech,CZE,2015,188033.0505,0.31,16650.3,20142.02
Czech,CZE,2016,196272.0686,0.68,17372.7,21110.35
Czech,CZE,2017,218628.941,2.45,19018.03,24415.73
Czech,CZE,2018,249000.5407,2.15,21802.15,26022.59
Czech,CZE,2019,252548.18,2.85,22467.97,26592.33
Czech,CZE,2020,245974.5587,3.16,18541.33,21986.98
Czech,CZE,2021,281791.2185,3.84,21476.26,25113.04
Denmark,DNK,2005,264466.8955,1.82,22669.43,20974.6
Denmark,DNK,2006,282885.9784,1.92,27239.1,24553.95
Denmark,DNK,2007,319423.3756,1.69,32385.11,29364.23
Denmark,DNK,2008,353358.9017,3.42,36912.97,33090.25
Denmark,DNK,2009,321243.3011,1.3,31901.63,26764.85
Denmark,DNK,2010,321995.2794,2.31,32226.54,29987.1
Denmark,DNK,2011,344003.1376,2.76,36854.07,32555.34
Denmark,DNK,2012,327148.9438,2.4,35537.76,31931.45
Denmark,DNK,2013,343584.3916,0.79,37865.18,33709.14
Denmark,DNK,2014,352993.6316,0.56,39171.86,35533.11
Denmark,DNK,2015,302673.0708,0.45,34962.49,31864.15
Denmark,DNK,2016,313115.9293,0.25,35859.02,33039.26
Denmark,DNK,2017,332121.0638,1.15,39001.81,35870.37
Denmark,DNK,2018,356841.2164,0.81,44081.41,41034.6
Denmark,DNK,2019,346498.738,0.76,44468.54,41011.21
Denmark,DNK,2020,354762.7483,0.42,39356.57,35885.22
Denmark,DNK,2021,405687.9989,1.85,45799.5,44219.12
Estonia,EST,2005,14104.14959,4.08,1658.82,2605.51
Estonia,EST,2006,17031.63907,4.44,1895.16,2883.13
Estonia,EST,2007,22444.32499,6.6,2422.29,3459.02
Estonia,EST,2008,24313.2062,10.36,2804.58,4371.13
Estonia,EST,2009,19641.73712,-0.08,2199.98,3562.24
Estonia,EST,2010,19535.11535,2.97,2420.48,3745.26
Estonia,EST,2011,23183.61605,4.98,3078.04,4570.46
Estonia,EST,2012,23020.46678,3.93,3240.34,4545.01
Estonia,EST,2013,25108.61509,2.78,3683.34,5136.36
Estonia,EST,2014,26598.65788,-0.11,4100.97,5423.09
Estonia,EST,2015,22881.55819,-0.49,3346.16,4704.32
Estonia,EST,2016,24056.48777,0.15,3607.93,4780.03
Estonia,EST,2017,26924.3851,3.42,4017.18,5450.06
Estonia,EST,2018,30624.7202,3.44,4843.3,6622.5
Estonia,EST,2019,31081.90191,2.28,4829.54,6132.14
Estonia,EST,2020,31370.39557,-0.44,5147.74,5166.27
Estonia,EST,2021,37191.16615,4.65,6431.89,6872.01
Finland,FIN,2005,204804.0094,0.62,13673.23,9444.15
Finland,FIN,2006,216896.4288,1.57,15052.94,10022.38
Finland,FIN,2007,256039.4176,2.51,18399.08,11960.76
Finland,FIN,2008,284564.5178,4.07,22797.8,15902.27
Finland,FIN,2009,252481.3177,0,19735.31,13191.19
Finland,FIN,2010,249181.1905,1.18,19798.4,13684.96
Finland,FIN,2011,275243.6978,3.42,22048.13,15839.48
Finland,FIN,2012,258304.8346,2.81,23003.51,16402.99
Finland,FIN,2013,271285.2806,1.48,24411.38,18354.32
Finland,FIN,2014,274497.2308,1.04,24523.16,17692.05
Finland,FIN,2015,234440.081,-0.21,21577.72,14879.67
Finland,FIN,2016,240607.907,0.36,22364.85,14855.37
Finland,FIN,2017,255647.9799,0.75,24456.36,16891.29
Finland,FIN,2018,275708.0018,1.08,28425.04,19296.59
Finland,FIN,2019,268514.917,1.02,28665.57,20480.47
Finland,FIN,2020,271886.0774,0.29,24966.68,16768.89
Finland,FIN,2021,296776.7468,2.19,27586.69,18115.55
France,FRA,2005,2196071.482,1.75,89950.12,94163.89
France,FRA,2006,2318474.883,1.68,100470.3,103319.2
France,FRA,2007,2657076.868,1.49,116746.3,122392.6
France,FRA,2008,2918490.999,2.81,132405.2,136712.2
France,FRA,2009,2690060.238,0.09,116562.8,118969.3
France,FRA,2010,2642609.549,1.53,122049.6,120046.6
France,FRA,2011,2861408.17,2.11,134437.6,142214.4
France,FRA,2012,2683825.225,1.95,136655.1,139110.7
France,FRA,2013,2811077.726,0.86,149722.5,145925.6
France,FRA,2014,2852165.761,0.51,166370.3,161290.1
France,FRA,2015,2438207.896,0.04,148183.7,144403.5
France,FRA,2016,2471285.607,0.18,150800.5,143976.9
France,FRA,2017,2595151.045,1.03,159512.8,156203.9
France,FRA,2018,2790956.879,1.85,179966,172181
France,FRA,2019,2728870.247,1.11,180149.7,171009.1
France,FRA,2020,2647418.692,0.48,152361.5,143170
France,FRA,2021,2959355.819,1.64,175187.1,167739.6
Germany,DEU,2005,2845731.98,1.55,148690.1,113286.5
Germany,DEU,2006,2992043.439,1.58,161264.9,129330.1
Germany,DEU,2007,3421053.532,2.3,190886.5,153551.9
Germany,DEU,2008,3730166.005,2.63,211943.5,175508
Germany,DEU,2009,3397586.387,0.31,184170.3,157713
Germany,DEU,2010,3396354.076,1.1,192523.5,155904.6
Germany,DEU,2011,3744408.603,2.08,215996.8,172895.7
Germany,DEU,2012,3527344.944,2.01,214121.5,172758.1
Germany,DEU,2013,3732743.446,1.5,234256.9,183642.7
Germany,DEU,2014,3883920.155,0.91,248234.7,201596
Germany,DEU,2015,3356235.704,0.51,217942.3,183169.8
Germany,DEU,2016,3467498.002,0.49,226265.8,188623.4
Germany,DEU,2017,3690849.153,1.51,249701.8,205946.8
Germany,DEU,2018,3974443.355,1.73,273361.2,230532.1
Germany,DEU,2019,3889177.589,1.45,274931.4,230776.1
Germany,DEU,2020,3887727.162,0.14,232215.9,209671
Germany,DEU,2021,4278503.935,3.07,282517.1,239769.8
Greece,GRC,2005,247776.8393,3.55,9423.34,18632.33
Greece,GRC,2006,273303.7362,3.2,10239.99,20140.58
Greece,GRC,2007,318481.5904,2.9,12446.66,23360.18
Greece,GRC,2008,354473.9332,4.15,14698.04,26759.42
Greece,GRC,2009,329980.3739,1.21,11989.88,21540.97
Greece,GRC,2010,296835.3479,4.71,11629.1,21361.82
Greece,GRC,2011,282625.6151,3.33,11941.29,24318.76
Greece,GRC,2012,242043.1553,1.5,10911.28,21622.94
Greece,GRC,2013,238839.7929,-0.92,10883.83,24784.54
Greece,GRC,2014,235144.9561,-1.31,11808.55,27129.61
Greece,GRC,2015,195604.8612,-1.74,9678.59,20991.7
Greece,GRC,2016,193017.0428,-0.83,9795.23,20770.24
Greece,GRC,2017,199844.4184,1.12,10960.18,22955.24
Greece,GRC,2018,212049.4591,0.63,12141.38,25522.56
Greece,GRC,2019,205252.771,0.25,12461.34,26302.35
Greece,GRC,2020,188480.3373,-1.25,9983.25,13960
Greece,GRC,2021,214667.8074,1.22,13088.39,22385.81
Hungary,HUN,2005,113211.1583,3.56,8806.57,9896.97
Hungary,HUN,2006,115715.6186,3.93,9557.62,11182.12
Hungary,HUN,2007,140186.6912,7.96,12056.25,13941.23
Hungary,HUN,2008,158325.5839,6.04,13911.43,16075.57
Hungary,HUN,2009,131069.2772,4.21,11958.77,14094.2
Hungary,HUN,2010,132175.35,4.86,11980.34,14083.09
Hungary,HUN,2011,141942.2646,3.93,13560.61,15895.67
Hungary,HUN,2012,128814.2793,5.65,12778.06,14654.7
Hungary,HUN,2013,135684.3157,1.73,13500.11,16075.28
Hungary,HUN,2014,141033.8433,-0.23,14902.79,17499.27
Hungary,HUN,2015,125174.167,-0.06,13455.63,15437.3
Hungary,HUN,2016,128609.8228,0.39,14044.77,16605.33
Hungary,HUN,2017,143112.196,2.35,15731.82,18975.33
Hungary,HUN,2018,160565.643,2.85,17582.43,20778.95
Hungary,HUN,2019,164020.4603,3.34,18770.29,21320.09
Hungary,HUN,2020,157227.0944,3.33,16372.34,16307.38
Hungary,HUN,2021,182090.0418,5.11,18673.58,18671.43
Iceland,ISL,2005,16852.97199,3.99,1306.3,1097.87
Iceland,ISL,2006,17465.31855,6.69,1382.33,1164.96
Iceland,ISL,2007,21652.5056,5.05,1647.77,1492.96
Iceland,ISL,2008,18074.61956,12.69,1573.8,1528.21
Iceland,ISL,2009,13154.4162,12,1387.83,1420.75
Iceland,ISL,2010,13751.16192,5.4,1274.07,1448.87
Iceland,ISL,2011,15221.62293,4,1469.49,1653.96
Iceland,ISL,2012,14751.50813,5.19,1799.56,1662.79
Iceland,ISL,2013,16125.06052,3.87,1612.16,1978.64
Iceland,ISL,2014,17867.66218,2.04,1989.24,2174.49
Iceland,ISL,2015,17517.21052,1.63,1827.82,2191.42
Iceland,ISL,2016,20793.16803,1.7,2118.7,2499.47
Iceland,ISL,2017,24728.28518,1.76,2555.92,2923.95
Iceland,ISL,2018,26260.85058,2.68,2806.67,2783.23
Iceland,ISL,2019,24681.34365,3.01,2443.71,2614.31
Iceland,ISL,2020,21565.76785,2.85,1593.33,1526.44
Iceland,ISL,2021,25595.94017,4.44,1964.47,2041.45
Ireland,IRL,2005,211792.7237,2.43,41126.34,39863.47
Ireland,IRL,2006,231974.3705,3.93,45326.92,45746.03
Ireland,IRL,2007,269722.5314,4.9,55775.82,55176.13
Ireland,IRL,2008,274337.0743,4.06,59827.5,59434.78
Ireland,IRL,2009,235495.2792,-4.48,54027.55,54314.88
Ireland,IRL,2010,221697.26,-0.92,57682.57,53744.33
Ireland,IRL,2011,238857.6578,2.56,67400.74,61424.12
Ireland,IRL,2012,225131.5965,1.7,66394.17,62200.09
Ireland,IRL,2013,238044.8003,0.51,62933.22,69781.46
Ireland,IRL,2014,259336.4798,0.18,76189.6,80882.98
Ireland,IRL,2015,292246.6733,-0.29,79867.06,78031.06
Ireland,IRL,2016,298356.5922,0.01,91554.28,84559.75
Ireland,IRL,2017,337241.8125,0.34,102720.3,99104.78
Ireland,IRL,2018,386693.3591,0.49,116577.9,115521.8
Ireland,IRL,2019,398933.01,0.94,133402.7,127555.9
Ireland,IRL,2020,428608.6878,-0.33,98388.86,137393.7
Ireland,IRL,2021,513391.7789,2.36,109880.6,157826.4
Italy,ITA,2005,1857478.113,1.99,61296.65,60737.57
Italy,ITA,2006,1947819.927,2.09,68713.24,66915.83
Italy,ITA,2007,2210179.193,1.83,81485.47,76754.97
Italy,ITA,2008,2398945.461,3.35,84869.39,80336.87
Italy,ITA,2009,2191109.883,0.77,73281.33,67071.04
Italy,ITA,2010,2134017.843,1.53,77431.38,71366.72
Italy,ITA,2011,2291991.046,2.78,83378.28,76718.18
Italy,ITA,2012,2087077.032,3.04,78496.71,75519.16
Italy,ITA,2013,2141315.327,1.22,83093.19,80213.14
Italy,ITA,2014,2159133.92,0.24,91171.84,84158.98
Italy,ITA,2015,1835899.237,0.04,81533.09,73145.4
Italy,ITA,2016,1875797.464,-0.09,80900.86,75326.92
Italy,ITA,2017,1961796.197,1.23,89349.09,83057.93
Italy,ITA,2018,2091932.426,1.14,96799.09,91389.25
Italy,ITA,2019,2011302.199,0.61,96802.6,91714.84
Italy,ITA,2020,1897461.636,-0.14,79950,68419.86
Italy,ITA,2021,2155360.299,1.87,97410.66,83980.2
Kosovo,XKX,2005,3595.083511,,0,0
Kosovo,XKX,2006,3681.888317,0.62,0,0
Kosovo,XKX,2007,4352.73171,4.36,0,0
Kosovo,XKX,2008,5181.968721,9.35,1337.42,967.31
Kosovo,XKX,2009,5015.59256,-2.41,1018.19,802.88
Kosovo,XKX,2010,5338.743063,3.48,965.06,866.78
Kosovo,XKX,2011,6333.314419,7.34,1041.9,1114.89
Kosovo,XKX,2012,6163.840987,2.48,969.71,1102.4
Kosovo,XKX,2013,6733.414559,1.77,1249.9,1136.62
Kosovo,XKX,2014,7064.98321,0.43,1150.25,1109.38
Kosovo,XKX,2015,6293.312928,-0.54,1147.64,1031.45
Kosovo,XKX,2016,6678.139835,0.27,1127.94,1158.41
Kosovo,XKX,2017,7180.768692,1.49,1298.8,1441.47
Kosovo,XKX,2018,7878.763993,1.05,1423.65,1589.74
Kosovo,XKX,2019,7899.204691,2.68,1470.27,1591.07
Kosovo,XKX,2020,7734.496314,0.2,1179.06,1109.77
Kosovo,XKX,2021,9412.100728,3.35,1727.16,1769.83
Latvia,LVA,2005,17003.04879,6.75,1679.8,1845.86
Latvia,LVA,2006,21570.36811,6.54,1936.28,2263.35
Latvia,LVA,2007,31056.06375,10.09,2587.47,3060.64
Latvia,LVA,2008,35852.15271,15.4,2990.2,3526.28
Latvia,LVA,2009,26413.37478,3.53,2299.58,2911.28
Latvia,LVA,2010,23964.00339,-1.08,2391.79,2993.72
Latvia,LVA,2011,27711.8557,4.37,2777.15,3613.97
Latvia,LVA,2012,28175.71597,2.26,2873.14,3679.25
Latvia,LVA,2013,30200.88194,-0.03,3001.26,4040.69
Latvia,LVA,2014,31345.14867,0.62,3359.01,4452.65
Latvia,LVA,2015,27252.12863,0.17,2830.01,3863.85
Latvia,LVA,2016,28064.53335,0.14,2875.86,4135.27
Latvia,LVA,2017,30483.80602,2.93,3231.6,4651.74
Latvia,LVA,2018,34429.02344,2.53,3701.08,5264.72
Latvia,LVA,2019,34225.54754,2.81,3660.83,5405.83
Latvia,LVA,2020,34390.91034,0.22,3150.82,4410.6
Latvia,LVA,2021,39443.12617,3.28,3940,5051.11
Lithuania,LTU,2005,26113.49146,2.66,1893.76,2625.79
Lithuania,LTU,2006,30176.02237,3.74,2256.42,3140.34
Lithuania,LTU,2007,39691.30431,5.74,2936.02,3903.94
Lithuania,LTU,2008,47842.63519,10.93,3921.51,4685.76
Lithuania,LTU,2009,37386.78227,4.45,2804.56,3561.52
Lithuania,LTU,2010,37138.46473,1.32,2812.95,3699.03
Lithuania,LTU,2011,43582.24887,4.13,3508.93,4631.66
Lithuania,LTU,2012,42943.44216,3.09,3932.04,5016.02
Lithuania,LTU,2013,46514.47118,1.05,4714.8,5872.47
Lithuania,LTU,2014,48574.53194,0.1,5070.58,6482.09
Lithuania,LTU,2015,41418.87298,-0.88,4245.63,5762.8
Lithuania,LTU,2016,43018.08724,0.91,4564.82,6463.91
Lithuania,LTU,2017,47758.73693,3.72,5196.06,7814.5
Lithuania,LTU,2018,53751.41141,2.7,6178.15,9526.68
Lithuania,LTU,2019,54808.53164,2.33,6738.06,11067.37
Lithuania,LTU,2020,56964.943,1.2,5725.75,10271.27
Lithuania,LTU,2021,66798.93379,4.68,8051.66,13044.49
Luxembourg,LUX,2005,37657.29742,2.49,18924.36,27139.43
Luxembourg,LUX,2006,42872.0291,2.67,22802.51,32363.92
Luxembourg,LUX,2007,51519.25955,2.31,29671.16,39777.73
Luxembourg,LUX,2008,58607.06181,3.4,30958.3,42038.78
Luxembourg,LUX,2009,54248.94523,0.37,27314.06,38426.04
Luxembourg,LUX,2010,56159.19276,2.27,31119.96,43272.34
Luxembourg,LUX,2011,61615.545,3.41,36746.86,47616.84
Luxembourg,LUX,2012,59779.80278,2.66,37111.08,49868.11
Luxembourg,LUX,2013,65184.74472,1.73,43311.86,53684.81
Luxembourg,LUX,2014,68713.29439,0.63,49572.67,60425.84
Luxembourg,LUX,2015,60047.43068,0.47,46295.82,57022.23
Luxembourg,LUX,2016,62174.65037,0.29,49214.22,59326.52
Luxembourg,LUX,2017,65712.18034,1.73,55023.18,63577.2
Luxembourg,LUX,2018,71000.35976,1.53,60939.63,68279.78
Luxembourg,LUX,2019,69890.50532,1.74,64976.61,70794.29
Luxembourg,LUX,2020,73699.3667,0.82,67982.74,74964.92
Luxembourg,LUX,2021,85584.10599,2.53,84340.81,91744.5
Malta,MLT,2005,6405.530089,,1953.33,3530.71
Malta,MLT,2006,6804.193323,2.77,2520.86,4104.45
Malta,MLT,2007,7975.537948,1.25,2785.7,4995.61
Malta,MLT,2008,9090.713187,4.26,3482.76,5892.68
Malta,MLT,2009,8695.780707,2.08,3423.08,6124.09
Malta,MLT,2010,9027.012209,1.52,3391.59,6025.1
Malta,MLT,2011,9626.120009,2.96,4561.94,7195.28
Malta,MLT,2012,9462.367398,2.38,4582.78,7586.35
Malta,MLT,2013,10547.9694,1.18,5221.09,7328.67
Malta,MLT,2014,11610.37964,0.31,5354.17,8302.99
Malta,MLT,2015,11087.00787,1.1,5146.73,8042.76
Malta,MLT,2016,11660.05576,0.64,5484.39,8245.85
Malta,MLT,2017,13484.55233,1.36,5996.34,9612.96
Malta,MLT,2018,15404.37063,1.16,7142.92,10584.56
Malta,MLT,2019,15992.36506,1.64,7210.59,10155.97
Malta,MLT,2020,15252.6584,0.64,6953.1,9043.25
Malta,MLT,2021,18087.17447,1.5,8733.49,11504.06
Montenegro,MNE,2005,2278.756868,,0,0
Montenegro,MNE,2006,2721.76372,,524.19,568.62
Montenegro,MNE,2007,3680.522831,,657.77,851.8
Montenegro,MNE,2008,4545.842916,,826.05,1105.94
Montenegro,MNE,2009,4159.079832,,717.32,937.85
Montenegro,MNE,2010,4138.945624,,642.87,973.78
Montenegro,MNE,2011,4538.482181,3.45,674.74,1153.56
Montenegro,MNE,2012,4087.759419,4.15,748.22,1173.64
Montenegro,MNE,2013,4464.502433,2.21,581.64,1319.07
Montenegro,MNE,2014,4587.741791,-0.71,618.22,1335.51
Montenegro,MNE,2015,4053.097851,1.55,586.7,1164.95
Montenegro,MNE,2016,4373.958354,-0.27,626.19,1204.89
Montenegro,MNE,2017,4856.602179,2.38,675,1506.01
Montenegro,MNE,2018,5506.944403,2.61,787.32,1621.29
Montenegro,MNE,2019,5542.201487,0.36,817.4,1683.41
Montenegro,MNE,2020,4780.72235,-0.26,644.8,717.22
Montenegro,MNE,2021,5860.615434,2.41,871.38,1325.45
Netherlands,NLD,2005,685075.6106,1.69,64929.67,66779.22
Netherlands,NLD,2006,733303.2954,1.1,76481.01,72610.99
Netherlands,NLD,2007,847438.025,1.61,90614.52,87374.89
Netherlands,NLD,2008,948032.7737,2.49,100787.6,96683.44
Netherlands,NLD,2009,868024.955,1.19,93766.64,90341.53
Netherlands,NLD,2010,846554.8949,1.28,90463.51,94483.7
Netherlands,NLD,2011,904085.9808,2.34,100100.6,102955.1
Netherlands,NLD,2012,838971.307,2.46,94426.01,102115.5
Netherlands,NLD,2013,876923.5189,2.51,98771.9,113567.9
Netherlands,NLD,2014,890981.3111,0.98,118730.6,128145.4
Netherlands,NLD,2015,765264.9498,0.6,117572.5,123156.8
Netherlands,NLD,2016,783528.1817,0.32,112272.9,126188.9
Netherlands,NLD,2017,833869.6417,1.38,129110,143169.2
Netherlands,NLD,2018,914043.4382,1.7,147203.6,162548.4
Netherlands,NLD,2019,910194.3476,2.63,145556.6,173181
Netherlands,NLD,2020,909793.4667,1.27,136373.9,130421.2
Netherlands,NLD,2021,1029678.338,2.68,157862.9,151533.7
Norway,NOR,2005,309978.5797,1.53,22372,16148.02
Norway,NOR,2006,346913.3576,2.33,24891.24,17837.44
Norway,NOR,2007,402645.5502,0.71,31861.08,20914.25
Norway,NOR,2008,464917.5532,3.75,36123.9,24533.01
Norway,NOR,2009,387974.344,2.2,29739.74,20652.27
Norway,NOR,2010,431052.1439,2.42,31331.36,20775.12
Norway,NOR,2011,501360.5497,1.28,33754.13,21823.82
Norway,NOR,2012,512777.3098,0.7,34509.91,22897.7
Norway,NOR,2013,526014.4681,2.12,37313.4,24847.33
Norway,NOR,2014,501736.4718,2.04,39210.23,27328.4
Norway,NOR,2015,388159.5122,2.17,33053.88,22225.33
Norway,NOR,2016,370949.2927,3.55,32837.96,21931.31
Norway,NOR,2017,401745.275,1.88,34073.1,21744.79
Norway,NOR,2018,439788.6259,2.76,35076.73,23466.97
Norway,NOR,2019,408742.8409,2.17,35445.99,24265.8
Norway,NOR,2020,367633.4189,1.29,27971.45,18755.56
Norway,NOR,2021,490293.3644,3.48,30823.16,21916.04
Poland,POL,2005,306145.9133,2.18,14178.86,16597.83
Poland,POL,2006,344626.6304,1.28,17126.86,20096.64
Poland,POL,2007,429020.7554,2.46,20376.95,26864.04
Poland,POL,2008,533599.8533,4.16,25090.14,31733.53
Poland,POL,2009,439731.6361,3.8,20152.32,26036.76
Poland,POL,2010,475696.6139,2.58,23468.59,28074.09
Poland,POL,2011,524374.2225,4.24,26536.59,32315.85
Poland,POL,2012,495230.5744,3.56,25815.69,31729.28
Poland,POL,2013,515762.0085,0.99,27587.2,35698.98
Poland,POL,2014,539080.532,0.05,30574.84,39529.47
Poland,POL,2015,477111.288,-0.87,28322.21,36171.67
Poland,POL,2016,470024.5596,-0.66,29520.38,40089.35
Poland,POL,2017,524641.2066,2.08,32797.19,46795.03
Poland,POL,2018,588779.8508,1.81,37391.51,54389.39
Poland,POL,2019,596058.4731,2.23,38819.07,57563.83
Poland,POL,2020,599442.7836,3.37,34805.43,51781.31
Poland,POL,2021,681346.1364,5.06,41500.78,62130.36
Portugal,PRT,2005,197175.4266,2.28,8090.96,11861.19
Portugal,PRT,2006,208571.0104,3.11,9216.55,13912.04
Portugal,PRT,2007,240178.4756,2.45,11187.76,16917.89
Portugal,PRT,2008,262354.4978,2.59,12438.22,18526.24
Portugal,PRT,2009,243686.9558,-0.84,11197.46,15960.07
Portugal,PRT,2010,237880.9083,1.4,11020.96,16209.38
Portugal,PRT,2011,244797.2266,3.65,12094.8,17843.24
Portugal,PRT,2012,216236.6088,2.77,10823.31,17039.67
Portugal,PRT,2013,226369.5021,0.27,11644.65,18743.59
Portugal,PRT,2014,229596.1708,-0.28,13033.85,20131.79
Portugal,PRT,2015,199313.8943,0.49,11708.73,18580.09
Portugal,PRT,2016,206286.0228,0.61,11855.5,20265.08
Portugal,PRT,2017,221357.8747,1.37,13135.15,23053.46
Portugal,PRT,2018,242313.1166,0.99,14595.91,26302.41
Portugal,PRT,2019,239986.9226,0.34,15295.99,27422.64
Portugal,PRT,2020,229031.8605,-0.01,12351.75,18145.94
Portugal,PRT,2021,255534.8394,1.27,14677.72,23382.33
Moldova,MDA,2005,3586.531476,11.96,670.33,486.26
Moldova,MDA,2006,4090.547267,12.78,800.43,572.02
Moldova,MDA,2007,5282.149587,12.37,967.76,763.55
Moldova,MDA,2008,7266.815625,12.78,1296.83,971.38
Moldova,MDA,2009,6528.290074,-0.06,1090.6,757.53
Moldova,MDA,2010,6974.982393,7.48,1007.74,898.47
Moldova,MDA,2011,8414.351672,7.69,1222.36,928.48
Moldova,MDA,2012,8709.138748,4.55,1248.48,986.35
Moldova,MDA,2013,9496.717702,4.6,1450.28,1073.3
Moldova,MDA,2014,9402.090103,5.09,1353.76,1119.37
Moldova,MDA,2015,7797.667138,9.68,1149.98,896.15
Moldova,MDA,2016,7980.917249,6.36,1047.68,923.04
Moldova,MDA,2017,9514.404073,6.57,1153.53,1045.71
Moldova,MDA,2018,11252.35361,3.05,1248.44,1167.09
Moldova,MDA,2019,11736.79715,4.84,1277.87,1123.52
Moldova,MDA,2020,11530.74609,3.77,911.92,898.87
Moldova,MDA,2021,13691.86913,5.11,1185.93,1219.57
Macedonia,MKD,2005,6258.611723,0.53,711.7,579.77
Macedonia,MKD,2006,6861.220709,3.21,829.47,684.93
Macedonia,MKD,2007,8336.484627,2.25,1060.28,887.29
Macedonia,MKD,2008,9909.546094,8.33,1307.24,1073.08
Macedonia,MKD,2009,9401.730652,-0.74,1110.31,916.91
Macedonia,MKD,2010,9407.160111,1.51,1112.21,840.56
Macedonia,MKD,2011,10494.6298,3.9,1314.45,1117.08
Macedonia,MKD,2012,9745.267306,3.32,1277.02,1018.33
Macedonia,MKD,2013,10817.71203,2.79,1657.53,1208.86
Macedonia,MKD,2014,11362.25667,-0.28,1607.99,1316.85
Macedonia,MKD,2015,10064.51304,-0.3,1664.18,1188.8
Macedonia,MKD,2016,10672.46461,-0.24,1570.42,1219.46
Macedonia,MKD,2017,11307.06119,1.35,1687.27,1311.49
Macedonia,MKD,2018,12683.06803,1.46,1787.7,1466.64
Macedonia,MKD,2019,12606.33616,0.77,1850.57,1467.03
Macedonia,MKD,2020,12361.0402,1.2,1382.01,1233.13
Macedonia,MKD,2021,14000.27473,3.23,1747.04,1520.35
Romania,ROU,2005,98454.40881,9.01,5659.94,6764.3
Romania,ROU,2006,122023.8639,6.56,6478.45,7806.97
Romania,ROU,2007,174588.7419,4.84,8426.9,9453.85
Romania,ROU,2008,214317.3329,7.85,10725.48,11563.35
Romania,ROU,2009,174102.1374,5.59,8741.8,8994.64
Romania,ROU,2010,170029.2646,6.09,7872.72,9284.14
Romania,ROU,2011,192613.4602,5.79,9084.83,10932.32
Romania,ROU,2012,179132.9796,3.33,8360.16,10993.5
Romania,ROU,2013,189789.3076,3.98,11111.09,14168.69
Romania,ROU,2014,199713.6608,1.07,11311.53,15983.4
Romania,ROU,2015,177883.9977,-0.59,11080.49,15367.84
Romania,ROU,2016,185287.5168,-1.54,11031.03,16072.15
Romania,ROU,2017,210147.2551,1.34,13359.34,18840.07
Romania,ROU,2018,243316.152,4.63,16131.14,22241.33
Romania,ROU,2019,251016.7122,3.83,17401.9,23364.11
Romania,ROU,2020,251362.4163,2.63,14020.17,20898.18
Romania,ROU,2021,285810.3155,5.05,17878.13,25226.31
Russia,RUS,2005,771495.4233,12.69,26721.75,15214.85
Russia,RUS,2006,999623.1336,9.67,30378.43,18242.07
Russia,RUS,2007,1312427.086,9.01,38608.5,21774.14
Russia,RUS,2008,1677107.161,14.11,47244.19,27854.96
Russia,RUS,2009,1234615.149,11.65,38659.7,22780.24
Russia,RUS,2010,1539845.082,6.85,44947.84,23338.65
Russia,RUS,2011,2045922.728,8.44,54371.92,27524.38
Russia,RUS,2012,2208293.529,5.07,60850.26,28995.82
Russia,RUS,2013,2292470.104,6.75,70417.07,32780.97
Russia,RUS,2014,2059241.582,7.82,66109.68,29994.38
Russia,RUS,2015,1363482.18,15.53,48966.07,22875.11
Russia,RUS,2016,1276786.345,7.04,40726.39,21774.56
Russia,RUS,2017,1574199.355,3.68,49747.02,25154.32
Russia,RUS,2018,1657328.765,2.88,53526.12,27552.07
Russia,RUS,2019,1693114.994,4.47,51571.74,24280.58
Russia,RUS,2020,1493075.887,3.38,39379.12,18112.61
Russia,RUS,2021,1836890.829,6.69,44219.04,21453.4
Serbia,SRB,2005,27683.22272,,0,0
Serbia,SRB,2006,32482.06272,,2452.01,1988.53
Serbia,SRB,2007,43170.97252,,3411.2,2689.93
Serbia,SRB,2008,52194.23682,12.41,4131.44,3477.12
Serbia,SRB,2009,45162.89395,8.12,3486.45,3035.47
Serbia,SRB,2010,41819.45117,6.14,3318.21,2798.99
Serbia,SRB,2011,49258.13602,11.14,3649.14,3362.34
Serbia,SRB,2012,43309.25322,7.33,3666.32,3348.27
Serbia,SRB,2013,48394.26733,7.69,3925.41,3718.9
Serbia,SRB,2014,47062.20183,2.08,4167.91,4032.78
Serbia,SRB,2015,39655.94976,1.39,3630.15,3623.12
Serbia,SRB,2016,40692.66151,1.12,3574.37,3634.9
Serbia,SRB,2017,44179.07531,3.13,4206.78,4160.5
Serbia,SRB,2018,50640.66328,1.96,4942.31,4876.24
Serbia,SRB,2019,51514.24285,1.85,5355.98,5067
Serbia,SRB,2020,53356.48445,1.58,4307.47,4507.72
Serbia,SRB,2021,63082.0208,4.09,5500.92,5713.2
Slovak,SVK,2005,49033.42754,2.71,4936.38,5687.45
Slovak,SVK,2006,57175.13539,4.48,5554.25,6548.3
Slovak,SVK,2007,77056.50996,2.76,6847.25,7774.81
Slovak,SVK,2008,96733.21108,4.6,8594.22,8619.99
Slovak,SVK,2009,89040.92554,1.62,7178.23,6715.24
Slovak,SVK,2010,91073.97754,0.96,7572.75,7178.72
Slovak,SVK,2011,99791.92567,3.92,8631.89,8270.52
Slovak,SVK,2012,94629.14364,3.61,7914.11,8409.51
Slovak,SVK,2013,98907.1033,1.4,8569.92,9466.3
Slovak,SVK,2014,101302.1233,-0.08,8881.84,9612.72
Slovak,SVK,2015,88865.13794,-0.33,8195.24,8564.27
Slovak,SVK,2016,89891.63638,-0.52,8895.18,9479.37
Slovak,SVK,2017,95649.96626,1.31,9467.02,10292.27
Slovak,SVK,2018,106137.924,2.51,10514.95,11661.37
Slovak,SVK,2019,105711.6802,2.66,10350.89,12078.47
Slovak,SVK,2020,106731.4829,1.94,8602.35,10668.7
Slovak,SVK,2021,118576.4825,3.15,10246.47,11782.08
Slovenia,SVN,2005,36204.33976,2.45,2918.32,3669.31
Slovenia,SVN,2006,39478.7274,2.46,3398.14,4139.7
Slovenia,SVN,2007,48003.90892,3.66,4168.42,5102.91
Slovenia,SVN,2008,55554.56702,5.65,4863.3,6230.63
Slovenia,SVN,2009,50365.02248,0.84,4334.71,5223.25
Slovenia,SVN,2010,48161.25041,1.8,4379.99,5200.48
Slovenia,SVN,2011,51516.36665,1.8,4835.16,5844.93
Slovenia,SVN,2012,46580.45747,2.6,4633.27,5587.08
Slovenia,SVN,2013,48401.89681,1.77,4813.95,5934.04
Slovenia,SVN,2014,49930.68501,0.2,5065.94,6179.33
Slovenia,SVN,2015,43090.17339,-0.53,4410.54,5343.72
Slovenia,SVN,2016,44736.33352,-0.05,4730.73,5888.12
Slovenia,SVN,2017,48589.10004,1.43,5353.78,7018.8
Slovenia,SVN,2018,54177.88243,1.74,6054.45,7899.43
Slovenia,SVN,2019,54386.65431,1.63,6047.32,8159.19
Slovenia,SVN,2020,53734.52685,-0.05,5182.19,6617.91
Slovenia,SVN,2021,61832.20154,1.92,6511.59,8025.14
Spain,ESP,2005,1153256.977,3.37,41634.74,66953.46
Spain,ESP,2006,1259279.362,3.52,47496.92,74026.87
Spain,ESP,2007,1472055.568,2.79,54370.94,82508
Spain,ESP,2008,1625285.047,4.08,57109.43,90056.17
Spain,ESP,2009,1485494.011,-0.29,48834.11,76754.08
Spain,ESP,2010,1420722.034,1.8,48398.73,79340.07
Spain,ESP,2011,1478772.824,3.2,52156.33,88964.94
Spain,ESP,2012,1324826.516,2.45,48933.19,85490.19
Spain,ESP,2013,1355194.26,1.41,46660.13,91605.05
Spain,ESP,2014,1369995.875,-0.15,52372.28,97431.76
Spain,ESP,2015,1195676.021,-0.5,47144.36,84993.52
Spain,ESP,2016,1232717.585,-0.2,51003.61,90487.76
Spain,ESP,2017,1313245.33,1.96,56192.08,100733.2
Spain,ESP,2018,1421702.715,1.67,65463.31,110792.6
Spain,ESP,2019,1394320.055,0.7,69372.34,110327.2
Spain,ESP,2020,1278128.868,-0.32,51244.66,63540.59
Spain,ESP,2021,1445651.654,3.09,61460.12,83451.42
Sweden,SWE,2005,392218.7012,0.45,28977.37,24901.2
Sweden,SWE,2006,423090.618,1.36,32118.96,28074.33
Sweden,SWE,2007,491254.7697,2.21,39236.38,35641.74
Sweden,SWE,2008,517706.2147,3.44,43819.94,40166.83
Sweden,SWE,2009,436535.9211,-0.49,36644.46,35683.66
Sweden,SWE,2010,495812.5588,1.16,39063.23,36455.47
Sweden,SWE,2011,574094.113,2.96,45411.17,42184.95
Sweden,SWE,2012,552483.7273,0.89,45079.23,41595.79
Sweden,SWE,2013,586841.8218,-0.04,50882.32,46978.48
Sweden,SWE,2014,581964.0172,-0.18,54331.73,48547.6
Sweden,SWE,2015,505103.7813,-0.05,47532.09,45848.87
Sweden,SWE,2016,515654.6715,0.98,48265.52,45771.87
Sweden,SWE,2017,541018.7498,1.79,54048.82,47698.11
Sweden,SWE,2018,555455.3715,1.95,57481.46,49849.06
Sweden,SWE,2019,533879.5292,1.78,58972.17,50397.41
Sweden,SWE,2020,547054.1742,0.5,51857.68,44792.8
Sweden,SWE,2021,639714.9561,2.16,60367.85,52371.37
Switzerland,CHE,2005,418292.7041,1.17,57127.25,40845.31
Switzerland,CHE,2006,441619.4091,1.06,64452.45,44432.29
Switzerland,CHE,2007,490754.6838,0.73,78131.87,55130.4
Switzerland,CHE,2008,567273.005,2.43,89231.41,60732.84
Switzerland,CHE,2009,554191.6793,-0.48,84558.56,54803.16
Switzerland,CHE,2010,598851.0289,0.69,88282.29,58666.88
Switzerland,CHE,2011,715888.1267,0.23,100202.2,64166.09
Switzerland,CHE,2012,686420.2216,-0.69,101709,63162.13
Switzerland,CHE,2013,706234.9374,-0.22,107394.8,67542.06
Switzerland,CHE,2014,726537.8083,-0.01,115678.9,75132.38
Switzerland,CHE,2015,694118.1864,-1.14,102118.1,73508.92
Switzerland,CHE,2016,687895.4609,-0.43,102832.4,71064.38
Switzerland,CHE,2017,695200.8331,0.53,110097,75472.82
Switzerland,CHE,2018,725568.7175,0.94,117976.7,81111.49
Switzerland,CHE,2019,721320.8915,0.36,115345.2,77918.46
Switzerland,CHE,2020,741999.406,-0.73,107714.9,71006.83
Switzerland,CHE,2021,813408.7872,0.58,124073.3,79632.42
Türkiye,TUR,2005,506314.6766,8.18,9596.52,16816.5
Türkiye,TUR,2006,557075.9967,9.6,10406.52,17673.64
Türkiye,TUR,2007,681321.1739,8.76,12933.78,20865.59
Türkiye,TUR,2008,770449.3086,10.44,15387.35,25596.38
Türkiye,TUR,2009,649289.4189,6.25,13808.84,23252.9
Türkiye,TUR,2010,776967.4576,8.57,13641.03,23505.95
Türkiye,TUR,2011,838785.5141,6.47,15444.56,26492.16
Türkiye,TUR,2012,880555.9128,8.89,15133.69,27461.14
Türkiye,TUR,2013,957798.998,7.49,17777.4,33734.83
Türkiye,TUR,2014,938934.4302,8.85,18364.82,33827.55
Türkiye,TUR,2015,864313.9604,7.67,17570.07,28756.88
Türkiye,TUR,2016,869682.9543,7.78,16611.58,21469.75
Türkiye,TUR,2017,858988.5786,11.14,17009.63,25521.53
Türkiye,TUR,2018,778972.0843,16.33,18683.39,29402.29
Türkiye,TUR,2019,761005.8744,15.18,18613.42,31929.32
Türkiye,TUR,2020,720338.4476,12.28,16185.09,19064.41
Türkiye,TUR,2021,819865.2657,19.6,19114.18,27619.08
Ukraine,UKR,2005,89238.86512,,5976.54,6300.87
Ukraine,UKR,2006,111884.7525,9.05,7094.3,7323.51
Ukraine,UKR,2007,148733.8614,12.84,9099.53,9154.56
Ukraine,UKR,2008,188110.3758,25.23,11984.48,11403.38
Ukraine,UKR,2009,121552.1482,15.88,9405.63,8903.91
Ukraine,UKR,2010,136012.4803,9.37,9372.68,10314.98
Ukraine,UKR,2011,163160.4328,7.96,10590.63,11313.59
Ukraine,UKR,2012,175780.7338,0.57,10628.05,12072.15
Ukraine,UKR,2013,183310.1464,-0.24,11297.64,11760.97
Ukraine,UKR,2014,133503.8672,12.07,10290.67,8337.74
Ukraine,UKR,2015,91030.96876,48.7,8925.21,6664.15
Ukraine,UKR,2016,93355.86898,13.91,9305.15,6552.95
Ukraine,UKR,2017,112090.5038,14.44,11105.24,7195.08
Ukraine,UKR,2018,130891.0867,10.95,12397.31,8026.63
Ukraine,UKR,2019,153883.0455,7.89,13666.31,8557.37
Ukraine,UKR,2020,156617.7198,2.73,10144.62,7536.93
Ukraine,UKR,2021,199765.8568,9.36,12959.94,8809.56
UK,GBR,2005,2543187.707,2.09,120458.2,119477.6
UK,GBR,2006,2708508.028,2.46,133546.7,136187.2
UK,GBR,2007,3090685.413,2.39,153325.5,162528.4
UK,GBR,2008,2929593.518,3.52,163824.6,167051.2
UK,GBR,2009,2412767.599,1.96,140930.5,146872.5
UK,GBR,2010,2485482.596,2.49,141052.2,157194.3
UK,GBR,2011,2663805.835,3.86,153452.3,174494.8
UK,GBR,2012,2707089.727,2.57,152348.5,171727.2
UK,GBR,2013,2784853.503,2.29,161749.1,167799.8
UK,GBR,2014,3064708.248,1.45,184803.4,201309.4
UK,GBR,2015,2927911.141,0.37,172513.4,180791.2
UK,GBR,2016,2689106.567,1.01,173380.5,178897.2
UK,GBR,2017,2680148.052,2.56,189053.1,191416.6
UK,GBR,2018,2871340.348,2.29,216636.8,214542
UK,GBR,2019,2851407.165,1.74,217393.6,212559.9
UK,GBR,2020,2697806.592,0.99,172506.7,194329.6
UK,GBR,2021,3141506.157,2.52,196951.9,212971.1
All,ALL,2005,16623826.58,2.719756,926333.23,926333.26
All,ALL,2006,17963526.93,3.676585,1042088.04,1042088.04
All,ALL,2007,20965131.77,3.924146,1246971.01,1246970.99
All,ALL,2008,22999354.56,6.899268,1394871.08,1394870.96
All,ALL,2009,20211133.15,2.463415,1219552.88,1219552.95
All,ALL,2010,20656003.09,2.85561,1261989.09,1261989.22
All,ALL,2011,22837283.24,5.171707,1412908.97,1412909.03
All,ALL,2012,21970333.7,4.377073,1400236.3,1400236.44
All,ALL,2013,22919893.52,2.321951,1503642.13,1503642.2
All,ALL,2014,23241905.88,1.646585,1645694.88,1645694.9
All,ALL,2015,20027244.88,2.501463,1484735.75,1484735.68
All,ALL,2016,20015087.51,1.415366,1512396.71,1512396.7
All,ALL,2017,21253128.32,2.575122,1670458.32,1670458.37
All,ALL,2018,22770203.77,2.623902,1858769.76,1858769.97
All,ALL,2019,22472237.49,2.453415,1892288.52,1892288.35
All,ALL,2020,21741189.71,1.421951,1603916.9,1603916.99
All,ALL,2021,24830800.1,3.768049,1884003.73,1884003.73